id,first_name,last_name,email,gender,ip_address
1,Bonnie,Washington,bwashington0@eepurl.com,Female,162.115.178.254
2,Dorothy,Stewart,dstewart1@nyu.edu,Female,187.64.77.128
3,Victor,Rose,vrose2@google.es,Male,161.119.139.81
4,Mildred,Meyer,mmeyer3@meetup.com,Female,68.242.162.7
5,Patricia,Powell,ppowell4@spotify.com,Female,131.231.163.26
6,Jonathan,Allen,jallen5@google.com,Male,49.139.139.122
7,Linda,Johnston,ljohnston6@cyberchimps.com,Female,107.145.234.201
8,Rebecca,Diaz,rdiaz7@pbs.org,Female,249.46.2.50
9,Joan,Gilbert,jgilbert8@dyndns.org,Female,34.130.35.242
10,Andrea,Alexander,aalexander9@yellowbook.com,Female,245.120.103.69
11,Joyce,Ray,jraya@cafepress.com,Female,245.253.78.136
12,Richard,Walker,rwalkerb@woothemes.com,Male,218.200.38.86
13,Norma,Gilbert,ngilbertc@baidu.com,Female,138.185.81.150
14,Billy,Bell,bbelld@foxnews.com,Male,147.50.111.207
15,Linda,Bradley,lbradleye@free.fr,Female,251.212.187.219
16,Aaron,Perry,aperryf@ucoz.ru,Male,61.147.117.249
17,Betty,Morrison,bmorrisong@myspace.com,Female,136.116.80.56
18,John,Bailey,jbaileyh@shutterfly.com,Male,56.44.228.248
19,Randy,Alexander,ralexanderi@biglobe.ne.jp,Male,226.76.76.95
20,Virginia,Larson,vlarsonj@cpanel.net,Female,56.35.232.84
21,Jason,Garrett,jgarrettk@europa.eu,Male,250.46.82.11
22,Katherine,Flores,kfloresl@slashdot.org,Female,50.96.228.181
23,Eugene,Woods,ewoodsm@barnesandnoble.com,Male,189.21.237.195
24,Ruth,Morales,rmoralesn@youtu.be,Female,8.4.96.43
25,Jesse,Montgomery,jmontgomeryo@alibaba.com,Male,248.16.97.6
26,Jeremy,Hicks,jhicksp@xrea.com,Male,190.161.46.162
27,Shirley,Thompson,sthompsonq@ft.com,Female,241.95.221.91
28,Charles,Smith,csmithr@auda.org.au,Male,230.232.152.82
29,Sharon,Kennedy,skennedys@merriam-webster.com,Female,210.95.176.230
30,Paula,Kelley,pkelleyt@aboutads.info,Female,63.57.217.194
31,Rose,Coleman,rcolemanu@blogtalkradio.com,Female,14.67.111.100
32,Lori,Adams,ladamsv@twitpic.com,Female,205.152.235.93
33,Kimberly,Lane,klanew@mlb.com,Female,67.69.187.69
34,Carl,Sims,csimsx@networkadvertising.org,Male,174.20.188.85
35,Shawn,Sanders,ssandersy@omniture.com,Male,43.147.195.39
36,Jose,Cook,jcookz@discovery.com,Male,107.92.239.246
37,Gloria,Armstrong,garmstrong10@people.com.cn,Female,254.100.159.149
38,Henry,Harris,hharris11@yolasite.com,Male,18.73.82.130
39,Debra,Hunter,dhunter12@thetimes.co.uk,Female,57.142.68.254
40,Louise,Hunter,lhunter13@who.int,Female,43.247.74.148
41,Victor,Patterson,vpatterson14@mashable.com,Male,70.97.40.123
42,Kelly,Gordon,kgordon15@vimeo.com,Female,181.248.210.91
43,George,Bowman,gbowman16@tumblr.com,Male,104.5.219.142
44,Craig,Lewis,clewis17@cbc.ca,Male,51.46.16.236
45,Emily,Stevens,estevens18@cloudflare.com,Female,72.119.32.167
46,Mark,Woods,mwoods19@ustream.tv,Male,122.187.238.253
47,George,Mcdonald,gmcdonald1a@ocn.ne.jp,Male,140.182.34.45
48,Walter,Shaw,wshaw1b@flickr.com,Male,35.67.29.26
49,Paula,Harper,pharper1c@newsvine.com,Female,209.198.56.87
50,George,Lawrence,glawrence1d@bloglines.com,Male,120.121.63.91
51,Patricia,Coleman,pcoleman1e@arstechnica.com,Female,41.79.201.123
52,Sara,Perez,sperez1f@seesaa.net,Female,219.112.39.245
53,Harold,Myers,hmyers1g@mac.com,Male,240.218.109.130
54,Lawrence,Thomas,lthomas1h@indiatimes.com,Male,105.153.114.203
55,Ryan,Bowman,rbowman1i@theglobeandmail.com,Male,171.67.115.32
56,Charles,Howard,choward1j@ameblo.jp,Male,106.51.17.4
57,Kathryn,Carter,kcarter1k@ca.gov,Female,170.151.144.87
58,Teresa,Thompson,tthompson1l@samsung.com,Female,157.214.96.248
59,Jeremy,Hanson,jhanson1m@com.com,Male,201.233.99.53
60,Linda,Watson,lwatson1n@cargocollective.com,Female,103.45.38.71
61,Ashley,Wright,awright1o@liveinternet.ru,Female,45.156.72.233
62,David,Moreno,dmoreno1p@answers.com,Male,127.56.95.71
63,Randy,Harvey,rharvey1q@ebay.com,Male,246.0.66.209
64,Robert,Arnold,rarnold1r@elegantthemes.com,Male,42.37.72.21
65,Aaron,Reed,areed1s@blog.com,Male,156.125.66.63
66,Mary,Snyder,msnyder1t@prweb.com,Female,59.101.208.52
67,Judith,Richards,jrichards1u@noaa.gov,Female,252.97.91.84
68,Jesse,Woods,jwoods1v@t.co,Male,193.219.38.98
69,Thomas,Hughes,thughes1w@cnn.com,Male,64.140.72.248
70,Stephanie,Little,slittle1x@mashable.com,Female,237.78.209.66
71,Julie,Griffin,jgriffin1y@bbb.org,Female,190.121.95.143
72,Gary,Smith,gsmith1z@drupal.org,Male,95.22.202.147
73,Keith,Walker,kwalker20@hao123.com,Male,176.226.71.53
74,Amanda,Banks,abanks21@latimes.com,Female,82.229.173.22
75,Laura,Wilson,lwilson22@woothemes.com,Female,122.6.48.191
76,Jose,Tucker,jtucker23@msn.com,Male,236.131.20.199
77,Joan,Cox,jcox24@rediff.com,Female,137.42.171.113
78,Jeffrey,Gomez,jgomez25@opensource.org,Male,175.136.85.88
79,Henry,Riley,hriley26@guardian.co.uk,Male,20.219.106.52
80,Michael,Campbell,mcampbell27@gmpg.org,Male,92.168.219.28
81,Ashley,Reid,areid28@de.vu,Female,176.5.227.96
82,Kevin,Matthews,kmatthews29@example.com,Male,194.134.213.184
83,John,Washington,jwashington2a@buzzfeed.com,Male,225.53.114.152
84,Joyce,Wood,jwood2b@fastcompany.com,Female,184.77.139.17
85,Katherine,Gomez,kgomez2c@auda.org.au,Female,17.30.47.240
86,Ashley,Palmer,apalmer2d@1und1.de,Female,123.187.46.218
87,Nancy,Mills,nmills2e@miibeian.gov.cn,Female,102.181.190.103
88,Brandon,Washington,bwashington2f@cargocollective.com,Male,172.43.55.92
89,Anne,Little,alittle2g@amazonaws.com,Female,35.96.196.5
90,Diane,Hughes,dhughes2h@webnode.com,Female,246.121.251.65
91,Robin,Ruiz,rruiz2i@typepad.com,Female,138.21.190.46
92,Jacqueline,Lynch,jlynch2j@sitemeter.com,Female,7.50.59.131
93,Debra,Nguyen,dnguyen2k@t.co,Female,162.34.49.184
94,Laura,Stewart,lstewart2l@bandcamp.com,Female,223.219.207.31
95,Jesse,Gibson,jgibson2m@cmu.edu,Male,128.189.188.108
96,Frank,Peters,fpeters2n@pagesperso-orange.fr,Male,85.195.97.212
97,Arthur,Gilbert,agilbert2o@mayoclinic.com,Male,15.84.127.140
98,Joseph,Moore,jmoore2p@tuttocitta.it,Male,0.67.126.38
99,Mary,White,mwhite2q@thetimes.co.uk,Female,70.74.156.226
100,Jane,Lawson,jlawson2r@dell.com,Female,227.231.19.151
